{
    "@id" : "",
    "@type" : [ "http://www.w3.org/2002/07/owl#NamedIndividual" ],
    "http://www.semanticweb.org/paulm/ontologies/2022/2/Final_project_restaurants#business_status" : [ {
      "@value" : ""
    } ],
    "http://www.semanticweb.org/paulm/ontologies/2022/2/Final_project_restaurants#hasAddress" : [ {
      "@id" : ""
    } ],
    "http://www.semanticweb.org/paulm/ontologies/2022/2/Final_project_restaurants#hasOpeningHours" : [ {
      "@id" : ""
    } ],
    "http://www.semanticweb.org/paulm/ontologies/2022/2/Final_project_restaurants#name" : [ {
      "@value" : ""
    } ],
    "http://www.semanticweb.org/paulm/ontologies/2022/2/Final_project_restaurants#place_id" : [ {
      "@value" : ""
    } ],
    "http://www.semanticweb.org/paulm/ontologies/2022/2/Final_project_restaurants#price_level" : [ {
      "@type" : "http://www.w3.org/2001/XMLSchema#integer",
      "@value" : ""
    } ],
    "http://www.semanticweb.org/paulm/ontologies/2022/2/Final_project_restaurants#rating_score" : [ {
      "@type" : "http://www.w3.org/2001/XMLSchema#decimal",
      "@value" : ""
    } ],
    "http://www.semanticweb.org/paulm/ontologies/2022/2/Final_project_restaurants#user_ratings_total" : [ {
      "@type" : "http://www.w3.org/2001/XMLSchema#integer",
      "@value" : ""
    } ]
  }